{
    "softmax_og0_O1": {
        "Error Analysis Time": 0.08850824500000001,
        "Parsing Time": 0.002110527,
        "Results": {
            "Height": 4,
            "NumOperators": 7,
            "Number of Optimizer Calls": 2,
            "Optimization Time": 0.08343200000000002,
            "div": {
                "Error": [
                    1.387778428147054e-17,
                    1.3891675957427963e-17
                ],
                "Optima": [
                    [
                        0.6941553469554428,
                        0.6941553469554428
                    ],
                    [
                        0.0,
                        0.0
                    ],
                    [
                        0.0,
                        0.0
                    ]
                ],
                "Output": [
                    0.9867032910422672,
                    0.9876909820242914
                ]
            }
        },
        "Total Time": 0.090674377
    },
    "softmax_og0_O2": {
        "Error Analysis Time": 0.08874266200000001,
        "Parsing Time": 0.002441192,
        "Results": {
            "Height": 4,
            "NumOperators": 7,
            "Number of Optimizer Calls": 2,
            "Optimization Time": 0.08384400000000003,
            "div": {
                "Error": [
                    1.387778428147054e-17,
                    1.3891675957427963e-17
                ],
                "Optima": [
                    [
                        0.6941553469554428,
                        0.6941553469554428
                    ],
                    [
                        0.0,
                        0.0
                    ],
                    [
                        0.0,
                        0.0
                    ]
                ],
                "Output": [
                    0.9867032910422672,
                    0.9876909820242914
                ]
            }
        },
        "Total Time": 0.091233063
    },
    "softmax_og0_O3": {
        "Error Analysis Time": 0.088938706,
        "Parsing Time": 0.0024012110000000003,
        "Results": {
            "Height": 4,
            "NumOperators": 7,
            "Number of Optimizer Calls": 2,
            "Optimization Time": 0.08389500000000003,
            "div": {
                "Error": [
                    1.387778428147054e-17,
                    1.3891675957427963e-17
                ],
                "Optima": [
                    [
                        0.6941553469554428,
                        0.6941553469554428
                    ],
                    [
                        0.0,
                        0.0
                    ],
                    [
                        0.0,
                        0.0
                    ]
                ],
                "Output": [
                    0.9867032910422672,
                    0.9876909820242914
                ]
            }
        },
        "Total Time": 0.091406999
    },
    "softmax_og0_Os": {
        "Error Analysis Time": 0.08889442800000001,
        "Parsing Time": 0.0022978860000000003,
        "Results": {
            "Height": 4,
            "NumOperators": 7,
            "Number of Optimizer Calls": 2,
            "Optimization Time": 0.08392900000000002,
            "div": {
                "Error": [
                    1.3877784281470539e-17,
                    1.3891675957427963e-17
                ],
                "Optima": [
                    [
                        0.6941553469554428,
                        0.6941553469554428
                    ],
                    [
                        0.0,
                        0.0
                    ],
                    [
                        0.0,
                        0.0
                    ]
                ],
                "Output": [
                    0.9867032910422672,
                    0.9876909820242914
                ]
            }
        },
        "Total Time": 0.09124351400000001
    }
}