{
    "softmax_og2_O1": {
        "Error Analysis Time": 0.006852525000000001,
        "Parsing Time": 0.002635697,
        "Results": {
            "Height": 4,
            "NumOperators": 7,
            "Number of Optimizer Calls": 2,
            "Optimization Time": 0.002674999999999999,
            "div": {
                "Error": [
                    2.7569500866647152e-17,
                    2.7597097964611762e-17
                ],
                "Optima": [
                    [
                        -4.999999999999999,
                        -4.999999999999999
                    ],
                    [
                        0.0,
                        0.0
                    ],
                    [
                        0.0,
                        0.0
                    ]
                ],
                "Output": [
                    0.4983211691867485,
                    0.4988199891759244
                ]
            }
        },
        "Total Time": 0.009546192
    },
    "softmax_og2_O2": {
        "Error Analysis Time": 0.006418353000000001,
        "Parsing Time": 0.002256161,
        "Results": {
            "Height": 4,
            "NumOperators": 7,
            "Number of Optimizer Calls": 2,
            "Optimization Time": 0.002494999999999999,
            "div": {
                "Error": [
                    2.7569500866647152e-17,
                    2.7597097964611762e-17
                ],
                "Optima": [
                    [
                        -4.999999999999999,
                        -4.999999999999999
                    ],
                    [
                        0.0,
                        0.0
                    ],
                    [
                        0.0,
                        0.0
                    ]
                ],
                "Output": [
                    0.4983211691867485,
                    0.4988199891759244
                ]
            }
        },
        "Total Time": 0.008713616
    },
    "softmax_og2_O3": {
        "Error Analysis Time": 0.006518618,
        "Parsing Time": 0.0029036730000000003,
        "Results": {
            "Height": 4,
            "NumOperators": 7,
            "Number of Optimizer Calls": 2,
            "Optimization Time": 0.0025740000000000003,
            "div": {
                "Error": [
                    2.7569500866647152e-17,
                    2.7597097964611762e-17
                ],
                "Optima": [
                    [
                        -4.999999999999999,
                        -4.999999999999999
                    ],
                    [
                        0.0,
                        0.0
                    ],
                    [
                        0.0,
                        0.0
                    ]
                ],
                "Output": [
                    0.4983211691867485,
                    0.4988199891759244
                ]
            }
        },
        "Total Time": 0.00946922
    },
    "softmax_og2_Os": {
        "Error Analysis Time": 0.0065487670000000005,
        "Parsing Time": 0.002365928,
        "Results": {
            "Height": 4,
            "NumOperators": 7,
            "Number of Optimizer Calls": 2,
            "Optimization Time": 0.0025580000000000012,
            "div": {
                "Error": [
                    2.7569500866647152e-17,
                    2.7597097964611762e-17
                ],
                "Optima": [
                    [
                        -4.999999999999999,
                        -4.999999999999999
                    ],
                    [
                        0.0,
                        0.0
                    ],
                    [
                        0.0,
                        0.0
                    ]
                ],
                "Output": [
                    0.49832116918674846,
                    0.49881998917592435
                ]
            }
        },
        "Total Time": 0.008964159000000001
    }
}