{
    "softmax_og_O1": {
        "Error Analysis Time": 0.11111691500000001,
        "Parsing Time": 0.004650896000000001,
        "Results": {
            "Height": 4,
            "NumOperators": 6,
            "Number of Optimizer Calls": 2,
            "Optimization Time": 0.09871300000000002,
            "div": {
                "Error": [
                    1.3877787800649407e-17,
                    1.3891679480129532e-17
                ],
                "Optima": [
                    [
                        0.6931926233168898,
                        0.6931926233168898
                    ],
                    [
                        0.0,
                        0.0
                    ],
                    [
                        0.0,
                        0.0
                    ]
                ],
                "Output": [
                    0.9999092083843403,
                    1.0009101185028428
                ]
            }
        },
        "Total Time": 0.115819668
    },
    "softmax_og_O2": {
        "Error Analysis Time": 0.11098490000000001,
        "Parsing Time": 0.002620658,
        "Results": {
            "Height": 4,
            "NumOperators": 6,
            "Number of Optimizer Calls": 2,
            "Optimization Time": 0.09877700000000003,
            "div": {
                "Error": [
                    1.3877787800649407e-17,
                    1.3891679480129532e-17
                ],
                "Optima": [
                    [
                        0.6931926233168898,
                        0.6931926233168898
                    ],
                    [
                        0.0,
                        0.0
                    ],
                    [
                        0.0,
                        0.0
                    ]
                ],
                "Output": [
                    0.9999092083843403,
                    1.0009101185028428
                ]
            }
        },
        "Total Time": 0.11366026500000001
    },
    "softmax_og_O3": {
        "Error Analysis Time": 0.112093123,
        "Parsing Time": 0.002482759,
        "Results": {
            "Height": 4,
            "NumOperators": 6,
            "Number of Optimizer Calls": 2,
            "Optimization Time": 0.09933900000000002,
            "div": {
                "Error": [
                    1.3877787800649407e-17,
                    1.3891679480129532e-17
                ],
                "Optima": [
                    [
                        0.6931926233168898,
                        0.6931926233168898
                    ],
                    [
                        0.0,
                        0.0
                    ],
                    [
                        0.0,
                        0.0
                    ]
                ],
                "Output": [
                    0.9999092083843403,
                    1.0009101185028428
                ]
            }
        },
        "Total Time": 0.11463994100000001
    },
    "softmax_og_Os": {
        "Error Analysis Time": 0.114264429,
        "Parsing Time": 0.0021686080000000003,
        "Results": {
            "Height": 4,
            "NumOperators": 6,
            "Number of Optimizer Calls": 2,
            "Optimization Time": 0.10142500000000002,
            "div": {
                "Error": [
                    1.3877787800649406e-17,
                    1.3891679480129532e-17
                ],
                "Optima": [
                    [
                        0.6931926233168898,
                        0.6931926233168898
                    ],
                    [
                        0.0,
                        0.0
                    ],
                    [
                        0.0,
                        0.0
                    ]
                ],
                "Output": [
                    0.9999092083843403,
                    1.0009101185028428
                ]
            }
        },
        "Total Time": 0.11648508900000001
    }
}