{
    "softmax_og_O1": {
        "Error Analysis Time": 7.726762713,
        "Parsing Time": 0.003269053,
        "Results": {
            "Height": 4,
            "NumOperators": 6,
            "Number of Optimizer Calls": 2,
            "Optimization Time": 7.563307000000002,
            "div": {
                "Error": [
                    2.775557450424176e-17,
                    2.7783357862103855e-17
                ],
                "Optima": [
                    [
                        -0.0003897714386633666,
                        -0.0003897714386633666
                    ],
                    [
                        -20.000010000000003,
                        -20.000010000000003
                    ],
                    [
                        0.0,
                        0.0
                    ]
                ],
                "Output": [
                    0.9999999979388461,
                    1.0010009989377837
                ]
            }
        },
        "Total Time": 7.73009212
    },
    "softmax_og_O2": {
        "Error Analysis Time": 7.666669424,
        "Parsing Time": 0.002681418,
        "Results": {
            "Height": 4,
            "NumOperators": 6,
            "Number of Optimizer Calls": 2,
            "Optimization Time": 7.508152000000002,
            "div": {
                "Error": [
                    2.775557450424176e-17,
                    2.7783357862103855e-17
                ],
                "Optima": [
                    [
                        -0.0003897714386633666,
                        -0.0003897714386633666
                    ],
                    [
                        -20.000010000000003,
                        -20.000010000000003
                    ],
                    [
                        0.0,
                        0.0
                    ]
                ],
                "Output": [
                    0.9999999979388461,
                    1.0010009989377837
                ]
            }
        },
        "Total Time": 7.6694195060000006
    },
    "softmax_og_O3": {
        "Error Analysis Time": 7.814334079000001,
        "Parsing Time": 0.0026500300000000003,
        "Results": {
            "Height": 4,
            "NumOperators": 6,
            "Number of Optimizer Calls": 2,
            "Optimization Time": 7.650032000000001,
            "div": {
                "Error": [
                    2.775557450424176e-17,
                    2.7783357862103855e-17
                ],
                "Optima": [
                    [
                        -0.0003897714386633666,
                        -0.0003897714386633666
                    ],
                    [
                        -20.000010000000003,
                        -20.000010000000003
                    ],
                    [
                        0.0,
                        0.0
                    ]
                ],
                "Output": [
                    0.999999997938846,
                    1.0010009989377837
                ]
            }
        },
        "Total Time": 7.817047975
    },
    "softmax_og_Os": {
        "Error Analysis Time": 7.807874591,
        "Parsing Time": 0.0025707750000000004,
        "Results": {
            "Height": 4,
            "NumOperators": 6,
            "Number of Optimizer Calls": 2,
            "Optimization Time": 7.642307000000001,
            "div": {
                "Error": [
                    2.775557450424176e-17,
                    2.7783357862103855e-17
                ],
                "Optima": [
                    [
                        -0.0003897714386633666,
                        -0.0003897714386633666
                    ],
                    [
                        -20.000010000000003,
                        -20.000010000000003
                    ],
                    [
                        0.0,
                        0.0
                    ]
                ],
                "Output": [
                    0.9999999979388459,
                    1.0010009989377835
                ]
            }
        },
        "Total Time": 7.810516172000001
    }
}