{
    "softmax_og0_O1": {
        "Error Analysis Time": 9.854258358000001,
        "Parsing Time": 0.002610705,
        "Results": {
            "Height": 4,
            "NumOperators": 7,
            "Number of Optimizer Calls": 2,
            "Optimization Time": 9.574946000000004,
            "div": {
                "Error": [
                    2.7755574061942696e-17,
                    2.778335741936205e-17
                ],
                "Optima": [
                    [
                        0.0004643999153559619,
                        0.0004643999153559619
                    ],
                    [
                        -20.000010000000003,
                        -20.000010000000003
                    ],
                    [
                        0.0,
                        0.0
                    ]
                ],
                "Output": [
                    0.9999999979388461,
                    1.0010009989377837
                ]
            }
        },
        "Total Time": 9.856936398
    },
    "softmax_og0_O2": {
        "Error Analysis Time": 9.845688239000001,
        "Parsing Time": 0.002617073,
        "Results": {
            "Height": 4,
            "NumOperators": 7,
            "Number of Optimizer Calls": 2,
            "Optimization Time": 9.603265000000002,
            "div": {
                "Error": [
                    2.7755574061942696e-17,
                    2.778335741936205e-17
                ],
                "Optima": [
                    [
                        0.0004643999153559619,
                        0.0004643999153559619
                    ],
                    [
                        -20.000010000000003,
                        -20.000010000000003
                    ],
                    [
                        0.0,
                        0.0
                    ]
                ],
                "Output": [
                    0.9999999979388461,
                    1.0010009989377837
                ]
            }
        },
        "Total Time": 9.848375189
    },
    "softmax_og0_O3": {
        "Error Analysis Time": 9.814006455000001,
        "Parsing Time": 0.002616362,
        "Results": {
            "Height": 4,
            "NumOperators": 7,
            "Number of Optimizer Calls": 2,
            "Optimization Time": 9.560839000000003,
            "div": {
                "Error": [
                    2.7755574061942696e-17,
                    2.778335741936205e-17
                ],
                "Optima": [
                    [
                        0.0004643999153559619,
                        0.0004643999153559619
                    ],
                    [
                        -20.000010000000003,
                        -20.000010000000003
                    ],
                    [
                        0.0,
                        0.0
                    ]
                ],
                "Output": [
                    0.999999997938846,
                    1.0010009989377837
                ]
            }
        },
        "Total Time": 9.816722457000001
    },
    "softmax_og0_Os": {
        "Error Analysis Time": 9.644901561000001,
        "Parsing Time": 0.003178572,
        "Results": {
            "Height": 4,
            "NumOperators": 7,
            "Number of Optimizer Calls": 2,
            "Optimization Time": 9.472212000000003,
            "div": {
                "Error": [
                    2.7755574061942696e-17,
                    2.778335741936205e-17
                ],
                "Optima": [
                    [
                        0.0004643999153559619,
                        0.0004643999153559619
                    ],
                    [
                        -20.000010000000003,
                        -20.000010000000003
                    ],
                    [
                        0.0,
                        0.0
                    ]
                ],
                "Output": [
                    0.9999999979388459,
                    1.0010009989377835
                ]
            }
        },
        "Total Time": 9.648165678000002
    }
}