{
    "softmax_og1_O1": {
        "Error Analysis Time": 11.106521072000001,
        "Parsing Time": 0.003096348,
        "Results": {
            "Height": 4,
            "NumOperators": 7,
            "Number of Optimizer Calls": 2,
            "Optimization Time": 10.855259000000007,
            "div": {
                "Error": [
                    2.7755575558421275e-17,
                    2.778335891733861e-17
                ],
                "Optima": [
                    [
                        -20.0,
                        -20.0
                    ],
                    [
                        0.0,
                        0.0
                    ],
                    [
                        0.0,
                        0.0
                    ]
                ],
                "Output": [
                    0.9999999979388664,
                    1.001000998937804
                ]
            }
        },
        "Total Time": 11.109712256000002
    },
    "softmax_og1_O2": {
        "Error Analysis Time": 11.040923509,
        "Parsing Time": 0.0025235920000000003,
        "Results": {
            "Height": 4,
            "NumOperators": 7,
            "Number of Optimizer Calls": 2,
            "Optimization Time": 10.823733,
            "div": {
                "Error": [
                    2.7755575558421275e-17,
                    2.778335891733861e-17
                ],
                "Optima": [
                    [
                        -20.0,
                        -20.0
                    ],
                    [
                        0.0,
                        0.0
                    ],
                    [
                        0.0,
                        0.0
                    ]
                ],
                "Output": [
                    0.9999999979388664,
                    1.001000998937804
                ]
            }
        },
        "Total Time": 11.043518301
    },
    "softmax_og1_O3": {
        "Error Analysis Time": 11.200436846,
        "Parsing Time": 0.002658464,
        "Results": {
            "Height": 4,
            "NumOperators": 7,
            "Number of Optimizer Calls": 2,
            "Optimization Time": 10.947346000000007,
            "div": {
                "Error": [
                    2.7755575558421275e-17,
                    2.778335891733861e-17
                ],
                "Optima": [
                    [
                        -20.0,
                        -20.0
                    ],
                    [
                        0.0,
                        0.0
                    ],
                    [
                        0.0,
                        0.0
                    ]
                ],
                "Output": [
                    0.9999999979388664,
                    1.001000998937804
                ]
            }
        },
        "Total Time": 11.203170570000001
    },
    "softmax_og1_Os": {
        "Error Analysis Time": 11.043357448,
        "Parsing Time": 0.0022556660000000004,
        "Results": {
            "Height": 4,
            "NumOperators": 7,
            "Number of Optimizer Calls": 2,
            "Optimization Time": 10.822148000000004,
            "div": {
                "Error": [
                    2.7755575558421275e-17,
                    2.778335891733861e-17
                ],
                "Optima": [
                    [
                        -20.0,
                        -20.0
                    ],
                    [
                        0.0,
                        0.0
                    ],
                    [
                        0.0,
                        0.0
                    ]
                ],
                "Output": [
                    0.9999999979388664,
                    1.001000998937804
                ]
            }
        },
        "Total Time": 11.04568976
    }
}