{
    "softmax_og2_O1": {
        "Error Analysis Time": 0.025203652000000003,
        "Parsing Time": 0.002674436,
        "Results": {
            "Height": 4,
            "NumOperators": 7,
            "Number of Optimizer Calls": 2,
            "Optimization Time": 0.020755000000000003,
            "div": {
                "Error": [
                    1.1102230154719348e-16,
                    1.1113343498217565e-16
                ],
                "Optima": [
                    [
                        -20.0,
                        -20.0
                    ],
                    [
                        -20.000010000000003,
                        -20.000010000000003
                    ],
                    [
                        0.0,
                        0.0
                    ]
                ],
                "Output": [
                    0.9999999958777129,
                    1.0010009968745872
                ]
            }
        },
        "Total Time": 0.027923684
    },
    "softmax_og2_O2": {
        "Error Analysis Time": 0.024838561000000002,
        "Parsing Time": 0.0022855030000000004,
        "Results": {
            "Height": 4,
            "NumOperators": 7,
            "Number of Optimizer Calls": 2,
            "Optimization Time": 0.020807000000000006,
            "div": {
                "Error": [
                    1.1102230154719348e-16,
                    1.1113343498217565e-16
                ],
                "Optima": [
                    [
                        -20.0,
                        -20.0
                    ],
                    [
                        -20.000010000000003,
                        -20.000010000000003
                    ],
                    [
                        0.0,
                        0.0
                    ]
                ],
                "Output": [
                    0.9999999958777129,
                    1.0010009968745872
                ]
            }
        },
        "Total Time": 0.027170862
    },
    "softmax_og2_O3": {
        "Error Analysis Time": 0.024568993,
        "Parsing Time": 0.002590223,
        "Results": {
            "Height": 4,
            "NumOperators": 7,
            "Number of Optimizer Calls": 2,
            "Optimization Time": 0.020772000000000002,
            "div": {
                "Error": [
                    1.1102230154719348e-16,
                    1.1113343498217565e-16
                ],
                "Optima": [
                    [
                        -20.0,
                        -20.0
                    ],
                    [
                        -20.000010000000003,
                        -20.000010000000003
                    ],
                    [
                        0.0,
                        0.0
                    ]
                ],
                "Output": [
                    0.9999999958777129,
                    1.0010009968745872
                ]
            }
        },
        "Total Time": 0.027202695000000002
    },
    "softmax_og2_Os": {
        "Error Analysis Time": 0.024928797000000003,
        "Parsing Time": 0.00302856,
        "Results": {
            "Height": 4,
            "NumOperators": 7,
            "Number of Optimizer Calls": 2,
            "Optimization Time": 0.02078,
            "div": {
                "Error": [
                    1.1102230154719348e-16,
                    1.1113343498217563e-16
                ],
                "Optima": [
                    [
                        -20.0,
                        -20.0
                    ],
                    [
                        -20.000010000000003,
                        -20.000010000000003
                    ],
                    [
                        0.0,
                        0.0
                    ]
                ],
                "Output": [
                    0.9999999958777129,
                    1.0010009968745872
                ]
            }
        },
        "Total Time": 0.028004585000000002
    }
}