{
    "softmax_og0_O1": {
        "Error Analysis Time": 0.128735548,
        "Parsing Time": 0.002771669,
        "Results": {
            "Height": 4,
            "NumOperators": 7,
            "Number of Optimizer Calls": 2,
            "Optimization Time": 0.11518700000000005,
            "div": {
                "Error": [
                    1.3877778496901865e-17,
                    1.389167016706893e-17
                ],
                "Optima": [
                    [
                        0.6915089836980446,
                        0.6915089836980446
                    ],
                    [
                        0.0,
                        0.0
                    ],
                    [
                        0.0,
                        0.0
                    ]
                ],
                "Output": [
                    0.9999092083843403,
                    1.0009101185028428
                ]
            }
        },
        "Total Time": 0.13155159900000002
    },
    "softmax_og0_O2": {
        "Error Analysis Time": 0.12850382200000002,
        "Parsing Time": 0.00224329,
        "Results": {
            "Height": 4,
            "NumOperators": 7,
            "Number of Optimizer Calls": 2,
            "Optimization Time": 0.11489400000000002,
            "div": {
                "Error": [
                    1.3877778496901865e-17,
                    1.389167016706893e-17
                ],
                "Optima": [
                    [
                        0.6915089836980446,
                        0.6915089836980446
                    ],
                    [
                        0.0,
                        0.0
                    ],
                    [
                        0.0,
                        0.0
                    ]
                ],
                "Output": [
                    0.9999092083843403,
                    1.0009101185028428
                ]
            }
        },
        "Total Time": 0.13079747700000002
    },
    "softmax_og0_O3": {
        "Error Analysis Time": 0.13062701200000001,
        "Parsing Time": 0.002600060000000001,
        "Results": {
            "Height": 4,
            "NumOperators": 7,
            "Number of Optimizer Calls": 2,
            "Optimization Time": 0.11595400000000003,
            "div": {
                "Error": [
                    1.3877778496901865e-17,
                    1.389167016706893e-17
                ],
                "Optima": [
                    [
                        0.6915089836980446,
                        0.6915089836980446
                    ],
                    [
                        0.0,
                        0.0
                    ],
                    [
                        0.0,
                        0.0
                    ]
                ],
                "Output": [
                    0.9999092083843403,
                    1.0009101185028428
                ]
            }
        },
        "Total Time": 0.133299883
    },
    "softmax_og0_Os": {
        "Error Analysis Time": 0.12796227000000002,
        "Parsing Time": 0.002284246,
        "Results": {
            "Height": 4,
            "NumOperators": 7,
            "Number of Optimizer Calls": 2,
            "Optimization Time": 0.11443700000000004,
            "div": {
                "Error": [
                    1.3877778496901864e-17,
                    1.389167016706893e-17
                ],
                "Optima": [
                    [
                        0.6915089836980446,
                        0.6915089836980446
                    ],
                    [
                        0.0,
                        0.0
                    ],
                    [
                        0.0,
                        0.0
                    ]
                ],
                "Output": [
                    0.9999092083843403,
                    1.0009101185028428
                ]
            }
        },
        "Total Time": 0.130297449
    }
}