{
    "softmax_og1_O1": {
        "Error Analysis Time": 0.007010296,
        "Parsing Time": 0.002112881,
        "Results": {
            "Height": 4,
            "NumOperators": 7,
            "Number of Optimizer Calls": 2,
            "Optimization Time": 0.003027000000000002,
            "div": {
                "Error": [
                    2.7754315557350426e-17,
                    2.778209765500543e-17
                ],
                "Optima": [
                    [
                        -9.999999999999998,
                        -9.999999999999998
                    ],
                    [
                        0.0,
                        0.0
                    ],
                    [
                        0.0,
                        0.0
                    ]
                ],
                "Output": [
                    0.49998865027519745,
                    0.5004891394146119
                ]
            }
        },
        "Total Time": 0.009164922
    },
    "softmax_og1_O2": {
        "Error Analysis Time": 0.007062782,
        "Parsing Time": 0.002453869,
        "Results": {
            "Height": 4,
            "NumOperators": 7,
            "Number of Optimizer Calls": 2,
            "Optimization Time": 0.0030349999999999995,
            "div": {
                "Error": [
                    2.7754315557350426e-17,
                    2.778209765500543e-17
                ],
                "Optima": [
                    [
                        -9.999999999999998,
                        -9.999999999999998
                    ],
                    [
                        0.0,
                        0.0
                    ],
                    [
                        0.0,
                        0.0
                    ]
                ],
                "Output": [
                    0.49998865027519745,
                    0.5004891394146119
                ]
            }
        },
        "Total Time": 0.009566906
    },
    "softmax_og1_O3": {
        "Error Analysis Time": 0.006957078,
        "Parsing Time": 0.0023521690000000003,
        "Results": {
            "Height": 4,
            "NumOperators": 7,
            "Number of Optimizer Calls": 2,
            "Optimization Time": 0.0030260000000000026,
            "div": {
                "Error": [
                    2.7754315557350426e-17,
                    2.778209765500543e-17
                ],
                "Optima": [
                    [
                        -9.999999999999998,
                        -9.999999999999998
                    ],
                    [
                        0.0,
                        0.0
                    ],
                    [
                        0.0,
                        0.0
                    ]
                ],
                "Output": [
                    0.49998865027519745,
                    0.5004891394146119
                ]
            }
        },
        "Total Time": 0.009350127000000001
    },
    "softmax_og1_Os": {
        "Error Analysis Time": 0.007131068000000001,
        "Parsing Time": 0.0025689190000000002,
        "Results": {
            "Height": 4,
            "NumOperators": 7,
            "Number of Optimizer Calls": 2,
            "Optimization Time": 0.0030019999999999977,
            "div": {
                "Error": [
                    2.7754315557350426e-17,
                    2.778209765500543e-17
                ],
                "Optima": [
                    [
                        -9.999999999999998,
                        -9.999999999999998
                    ],
                    [
                        0.0,
                        0.0
                    ],
                    [
                        0.0,
                        0.0
                    ]
                ],
                "Output": [
                    0.49998865027519745,
                    0.5004891394146119
                ]
            }
        },
        "Total Time": 0.009750249
    }
}