{
    "softmax_og2_O1": {
        "Error Analysis Time": 0.007339234,
        "Parsing Time": 0.0024051230000000003,
        "Results": {
            "Height": 4,
            "NumOperators": 7,
            "Number of Optimizer Calls": 2,
            "Optimization Time": 0.0030900000000000007,
            "div": {
                "Error": [
                    2.7754315557350426e-17,
                    2.778209765500543e-17
                ],
                "Optima": [
                    [
                        -9.999999999999998,
                        -9.999999999999998
                    ],
                    [
                        0.0,
                        0.0
                    ],
                    [
                        0.0,
                        0.0
                    ]
                ],
                "Output": [
                    0.49998865027519745,
                    0.5004891394146119
                ]
            }
        },
        "Total Time": 0.009794075000000001
    },
    "softmax_og2_O2": {
        "Error Analysis Time": 0.0070055280000000004,
        "Parsing Time": 0.0023383070000000004,
        "Results": {
            "Height": 4,
            "NumOperators": 7,
            "Number of Optimizer Calls": 2,
            "Optimization Time": 0.0030480000000000004,
            "div": {
                "Error": [
                    2.7754315557350426e-17,
                    2.778209765500543e-17
                ],
                "Optima": [
                    [
                        -9.999999999999998,
                        -9.999999999999998
                    ],
                    [
                        0.0,
                        0.0
                    ],
                    [
                        0.0,
                        0.0
                    ]
                ],
                "Output": [
                    0.49998865027519745,
                    0.5004891394146119
                ]
            }
        },
        "Total Time": 0.009386469000000001
    },
    "softmax_og2_O3": {
        "Error Analysis Time": 0.007023887,
        "Parsing Time": 0.002395724,
        "Results": {
            "Height": 4,
            "NumOperators": 7,
            "Number of Optimizer Calls": 2,
            "Optimization Time": 0.003073000000000003,
            "div": {
                "Error": [
                    2.7754315557350426e-17,
                    2.778209765500543e-17
                ],
                "Optima": [
                    [
                        -9.999999999999998,
                        -9.999999999999998
                    ],
                    [
                        0.0,
                        0.0
                    ],
                    [
                        0.0,
                        0.0
                    ]
                ],
                "Output": [
                    0.49998865027519745,
                    0.5004891394146119
                ]
            }
        },
        "Total Time": 0.009470177000000001
    },
    "softmax_og2_Os": {
        "Error Analysis Time": 0.0069139990000000005,
        "Parsing Time": 0.0021644570000000003,
        "Results": {
            "Height": 4,
            "NumOperators": 7,
            "Number of Optimizer Calls": 2,
            "Optimization Time": 0.0030750000000000013,
            "div": {
                "Error": [
                    2.7754315557350426e-17,
                    2.778209765500543e-17
                ],
                "Optima": [
                    [
                        -9.999999999999998,
                        -9.999999999999998
                    ],
                    [
                        0.0,
                        0.0
                    ],
                    [
                        0.0,
                        0.0
                    ]
                ],
                "Output": [
                    0.49998865027519745,
                    0.5004891394146119
                ]
            }
        },
        "Total Time": 0.009117541000000002
    }
}